"formid","Form","docid","UserLevelID"
"1","1","2551",""
"2","1","2552",""
"3","1","3301",""
"8","2","2553",""
"9","2","4234",""
"10","2","4235",""
"11","2","4236",""
"12","2","4237",""
"17","2","2551",""
"19","2","2552",""
"20","2","4232",""
"21","2","4233",""
"22","2","3301",""
"23","2","3302",""
"24","3","3300",""
"25","3","3301",""
"26","3","3302",""
"27","3","4219",""
"28","3","4281",""
"29","3","4282",""
"30","3","4370",""
"31","3","4283",""
"32","3","4368",""
"33","3","4369",""
"34","1","4281",""
"35","1","4282",""
"36","1","4283",""
"37","1","4368",""
"38","1","4369",""
"39","2","4281",""
"40","2","4282",""
"41","2","4370",""
"42","2","4283",""
"43","2","4368",""
"44","2","4369",""
"47","2","5345",""
"48","3","5345",""
"49","3","5347",""
"50","3","5346",""
"51","3","5454",""
"52","2","5346",""
"53","2","5347",""
"54","2","5454",""
"55","1","5345",""
"56","1","5346",""
"57","1","5347",""
"58","1","5454",""
"59","4","5345",""
"60","4","5346",""
"61","4","5347",""
"62","4","5454",""
"63","2","5831",""
"64","2","5832",""
"65","5","5831",""
"66","5","5832",""
"67","5","5833",""
"68","4","5831",""
"69","4","5832",""
"70","4","5833",""
"71","4","6316",""
"74","","5833","1"
"78","","5833","3"
"132","","5832","1"
"133","","6656","1"
"134","","6702","1"
"135","","6701","1"
"136","","6700","1"
"137","","6703","1"
"138","","6704","1"
"139","","6316","1"
"140","","6709","1"
"141","","5831","1"
"142","","6705","1"
"143","","6699","1"
"144","","6712","1"
"145","","6713","1"
"146","","6711","1"
"147","","6710","1"
"148","","5832","7"
"149","","6656","7"
"150","","6702","7"
"151","","6701","7"
"152","","6700","7"
"153","","6703","7"
"154","","6704","7"
"155","","6316","7"
"156","","6709","7"
"157","","5831","7"
"158","","6705","7"
"159","","6699","7"
"160","","6712","7"
"161","","6713","7"
"162","","6711","7"
"163","","6710","7"
"164","","5832","3"
"165","","6656","3"
"166","","6702","3"
"167","","6701","3"
"168","","6700","3"
"169","","6703","3"
"170","","6704","3"
"171","","6316","3"
"172","","6709","3"
"173","","5831","3"
"174","","6705","3"
"175","","6699","3"
"176","","6712","3"
"177","","6713","3"
"178","","6711","3"
"179","","6710","3"
"180","","5832","8"
"181","","6656","8"
"182","","6702","8"
"183","","6701","8"
"184","","6700","8"
"185","","6703","8"
"186","","6704","8"
"187","","6316","8"
"188","","6709","8"
"189","","5831","8"
"190","","6705","8"
"191","","6699","8"
"192","","6712","8"
"193","","6713","8"
"194","","6711","8"
"195","","6710","8"
"196","","5832","11"
"197","","6656","11"
"198","","6702","11"
"199","","6701","11"
"200","","6700","11"
"201","","6703","11"
"202","","6704","11"
"203","","6316","11"
"204","","6709","11"
"205","","5831","11"
"206","","6705","11"
"207","","6699","11"
"208","","6712","11"
"209","","6713","11"
"210","","6711","11"
"211","","6710","11"
