"CustomCTRLID","UserLevelID","TabName"
"166","2",""
"166","3",""
"166","7",""
"166","8",""
"166","9",""
"166","11",""
"166","13",""
"167","2","User Defined Fields"
"167","2","Asst && Changes"
"226","2",""
"226","3",""
"226","7",""
"226","8",""
"226","11",""
"227","2",""
"227","3",""
"227","7",""
"227","8",""
"227","11",""
"230","1","Advanced"
"230","2","Advanced"
"230","3","Advanced"
"230","7","Advanced"
"230","8","Advanced"
"230","11","Advanced"
"251","3",""
"251","7",""
"251","8",""
"251","11",""
"274","1","Matrix"
"274","3","Matrix"
"274","7","Matrix"
"274","8","Matrix"
"274","11","Matrix"
"274","1","UD Fields"
"274","3","UD Fields"
"274","7","UD Fields"
"274","8","UD Fields"
"274","11","UD Fields"
"177","1","Matrix"
"177","3","Matrix"
"177","7","Matrix"
"177","8","Matrix"
"177","11","Matrix"
